<extent>
    <reporter name="html">
        <configuration>
            <!-- title of the document -->
            <documentTitle>POL - Automation Test Report</documentTitle>
            <reportName>Sherwin Williams - Payment Orchestration Automation Execution Report</reportName>
            <offlineMode>true</offlineMode>
            <thumbnailForBase64>true</thumbnailForBase64>
            <theme>standard</theme>
            <encoding>UTF-8</encoding>
            <protocol>https</protocol>
            <testViewChartLocation>top</testViewChartLocation>
            <charts>
                <chart>
                    <width>800</width>
                    <height>400</height>
                </chart>
            </charts>
        </configuration>
    </reporter>
    <reporter name="pdf">
        <configuration>
            <pageSize>Letter_Landscape</pageSize>
        </configuration>
    </reporter>
</extent>
